{
    "version": 2,
    "name": "balatro.zip",
    "items": [
        "Balatro.sh",
        "balatro"
    ],
    "items_opt": null,
    "attr": {
        "title": "Balatro",
        "porter": [
            "nkahoang"
        ],
        "desc": "Balatro is a poker-inspired roguelike deck builder all about creating powerful synergies and winning big.",
        "inst": "Purchase the game from Steam: https://store.steampowered.com/app/2379780/Balatro/. On macOS, grab this Balatro.love file (~/Library/Application Support/Steam/steamapps/common/Balatro/Balatro.app/Contents/Resources/Balatro.love) and put into the balatro folder. On Windows, simply copy Balatro.exe to the balatro folder.",
        "genres": [
            "casino/card",
            "puzzle"
        ],
        "image": {},
        "rtr": false,
        "runtime": [],
        "reqs": [],
        "arch": [
            "aarch64",
            "armhf"
        ],
        "desc_md": null,
        "inst_md": null,
        "exp": false,
        "min_glibc": ""
    }
}